[
  {
    "slug": "employee-onboarding",
    "title": "Employee Onboarding",
    "tags": [
      "HR",
      "Checklist",
      "New Hire"
    ],
    "body": [
      {
        "heading": "Overview",
        "text": "A friendly, step-by-step onboarding flow for new team members."
      },
      {
        "heading": "Steps",
        "text": "Create accounts, complete paperwork, schedule orientation, assign mentor, and review first-week goals."
      }
    ]
  },
  {
    "slug": "incident-response",
    "title": "Incident Response",
    "tags": [
      "IT",
      "Security"
    ],
    "body": [
      {
        "heading": "Overview",
        "text": "How to triage, contain, and remediate an incident quickly and safely."
      },
      {
        "heading": "Checklist",
        "text": "Identify scope, isolate affected systems, notify stakeholders, document findings, and conduct post-mortem."
      }
    ]
  },
  {
    "slug": "content-approval",
    "title": "Content Approval",
    "tags": [
      "Marketing",
      "Workflow"
    ],
    "body": [
      {
        "heading": "Overview",
        "text": "A simple workflow to review, edit, and sign off on content before publishing."
      },
      {
        "heading": "Stages",
        "text": "Draft \u2192 Peer review \u2192 Edits \u2192 Legal review \u2192 Final approval \u2192 Publish."
      }
    ]
  }
]